A,B,C,D,E,F,G,H,SaltedFish
0.156,5,35.8,82.0,42.0,77.0,41.0,35,0
0.601,0,32.4,80.0,76.55,91.0,23.1376,27,0
0.28300000000000003,1,26.6,72.0,40.0,81.0,18.0,24,0
0.46299999999999997,4,22.1,72.0,87.0,116.0,12.0,37,0
0.35200000000000004,0,26.4,58.0,291.0,134.0,20.0,21,0
0.4,3,30.8,44.0,94.0,102.0,20.0,26,0
0.551,8,26.1,80.0,274.6728,194.0,30.7976,67,0
0.284,3,19.3,80.0,64.0,99.0,11.0,30,0
0.42200000000000004,1,33.2,78.0,45.0,71.0,50.0,21,0
0.43,6,34.0,58.0,190.0,98.0,33.0,43,0
0.932,0,33.8,77.537,160.6614,117.0,34.3164,44,0
0.402,3,25.6,54.0,187.4276,139.0,21.9482,22,1
0.6729999999999999,1,25.9,74.0,73.0,95.0,21.0,36,0
0.875,1,36.5,76.0,249.0,196.0,36.0,29,1
1.138,1,24.5,68.0,101.829,90.0,8.0,36,0
0.389,3,21.1,70.0,52.6476,82.0,16.0646,25,0
0.254,0,27.4,70.0,179.9268,124.0,20.0,36,1
0.256,0,32.435779999999305,63.9678,83.0522,94.0,24.798,25,0
0.162,8,25.9,74.0,75.0,126.0,38.0,39,0
0.28,1,35.5,44.0,63.0,119.0,47.0,25,0
0.258,5,27.6,78.0,48.6564,88.0,30.0,37,0
0.4,1,27.1,88.0,102.8134,108.0,19.0,24,0
0.6579999999999999,1,25.3,72.0,70.0,100.0,12.0,28,0
0.536,1,40.7,62.0,480.0,139.0,41.0,21,0
0.733,9,20.8,72.0,56.0,120.0,22.0,48,0
0.293,1,39.5,74.0,141.8782,102.0,39.906,42,1
0.52,2,42.1,48.0,165.0,123.0,32.0,26,0
0.304,2,38.5,75.5248,206.2124,129.0,40.1824,41,0
0.263,5,36.1,72.0,75.0,108.0,43.0,33,0
0.255,6,33.9,72.0,228.0,144.0,27.0,40,0
0.5489999999999999,3,32.4,72.0,190.0,128.0,25.0,27,1
0.247,6,27.8,88.0,147.1662,114.0,29.3246,66,0
0.649,2,31.6,76.0,66.0,94.0,18.0,23,0
0.41200000000000003,14,36.6,78.0,184.0,100.0,25.0,46,1
0.391,7,32.0,90.0,114.3626,137.0,41.0,39,0
0.925,11,46.8,84.0,166.8832,111.0,40.0,45,1
0.42700000000000005,0,52.3,90.0,680.0,165.0,33.0,23,0
0.336,3,34.3,58.0,18.0,83.0,31.0,25,0
0.495,3,28.4,90.0,78.0,111.0,12.0,29,0
0.204,7,37.2,74.0,105.0,102.0,40.0,45,0
0.34700000000000003,0,43.5,70.0,115.0,94.0,27.0,21,0
0.738,7,33.3,64.0,79.0,94.0,25.0,41,0
0.17800000000000002,6,24.3,62.0,255.259,162.0,24.126,50,1
0.223,3,26.0,62.0,99.4768,108.0,24.0,25,0
0.254,7,37.7,68.0,304.0,187.0,39.0,41,1
0.595,10,23.1,72.0,113.5786,94.0,18.0,56,0
0.196,0,34.3,66.0,255.275,131.0,40.0,22,1
0.42100000000000004,2,30.8,64.0,126.4314,115.0,22.0,21,0
0.204,1,27.4,70.0,116.7388,116.0,28.0,21,0
0.35100000000000003,1,26.6,66.0,43.6018,85.0,29.0,31,0
0.285,10,35.5,106.0,49.0,68.0,23.0,47,0
0.496,0,40.6,64.0,78.0,102.0,46.0,21,0
0.465,13,31.2,72.0,137.1024,104.0,27.7104,38,1
0.6859999999999999,0,45.3,76.0,130.4476,107.0,38.8378,24,0
0.294,4,25.6,72.0,74.8206,99.0,17.0,28,0
0.315,1,30.4,70.0,80.9122,93.0,31.0,23,0
0.141,10,27.5,70.0,124.091,111.0,27.0,40,1
0.365,0,42.3,68.0,250.0,135.0,42.0,24,1
0.615,8,30.1,68.0,495.0,181.0,36.0,60,1
0.49700000000000005,2,32.2,66.0,50.0,83.0,23.0,22,0
0.52,0,30.7,84.0,215.0,126.0,29.0,24,0
1.224,2,43.3,78.0,182.0,128.0,37.0,31,1
0.268,3,31.6,70.0,105.0,163.0,18.0,28,1
0.466,7,23.8,76.0,110.0,114.0,17.0,31,0
0.7709999999999999,9,30.3,88.0,165.0,145.0,34.0,53,1
0.33399999999999996,0,37.9,70.0,251.0148,146.0,40.1246,28,1
0.092,2,28.7,68.0,101.7952,114.0,22.0,25,0
0.41600000000000004,1,21.8,62.0,50.0418,71.0,15.162,26,0
0.845,2,42.7,92.0,177.6628,109.0,35.7218,54,0
0.317,4,29.3,86.0,48.6678,83.0,19.0,34,0
0.733,6,33.6,72.0,230.0,123.0,45.0,34,0
0.647,7,26.0,74.0,135.0,136.0,26.0,51,0
0.297,12,29.7,72.0,62.2474,84.0,31.0,46,1
0.441,10,41.2,62.0,232.1262,129.0,36.0,38,1
0.258,0,36.3,72.0,251.527,123.0,34.611,52,1
0.711,2,33.7,80.0,191.0,105.0,45.0,29,1
0.732,7,27.4,64.0,115.7754,114.0,23.9732,34,1
0.27,0,41.5,82.0,272.0,152.0,39.0,27,0
0.19899999999999998,3,33.3,72.0,135.0,171.0,33.0,24,1
0.264,4,37.0,78.0,277.0,184.0,39.0,31,1
0.6779999999999999,1,43.5,60.0,48.0,79.0,42.0,23,0
0.6779999999999999,3,22.9,62.0,48.0,107.0,13.0,23,1
0.171,10,32.9,76.0,180.0,101.0,48.0,63,0
0.49700000000000005,6,26.9,60.0,54.0,99.0,19.0,32,0
0.35600000000000004,3,34.5,64.0,225.0,170.0,37.0,30,1
1.321,1,32.0,98.0,58.0,128.0,41.0,33,1
0.23800000000000002,4,48.3,75.0,353.019,156.0,37.9928,32,1
0.165,8,37.6,106.0,231.0,167.0,46.0,43,1
0.674,6,35.7,90.0,129.1312,102.0,39.0,28,0
0.212,14,33.6,62.0,282.8854,175.0,30.0,38,1
0.14,3,22.4,44.0,85.3604,113.0,13.0,22,0
0.191,2,23.5,60.0,47.208,90.0,19.3886,25,0
0.466,1,33.8,60.0,106.0,117.0,23.0,27,0
0.785,11,42.3,80.0,150.0,120.0,37.0,48,1
0.452,5,32.0,82.0,285.0,144.0,26.0,58,1
0.254,3,23.0,78.0,105.2392,122.0,16.7188,40,0
0.326,2,22.9,88.0,260.8592,175.0,15.9068,22,0
0.259,0,38.8,66.0,130.9558,119.0,27.0,22,0
0.498,2,37.8,54.0,105.0,100.0,28.0,24,0
0.514,5,35.8,62.0,129.0,109.0,41.0,25,1
0.516,8,42.9,78.0,210.0,151.0,32.0,36,1
0.361,5,31.6,80.0,160.0,139.0,35.0,25,1
0.612,4,32.1,70.0,92.7614,95.0,32.0,24,0
0.5589999999999999,1,27.8,24.0,25.0,89.0,19.0,21,0
0.18,6,30.8,82.0,114.7104,102.0,28.7128,36,1
0.177,6,39.8,80.0,49.2888,80.0,36.0,28,0
0.575,2,34.7,70.0,374.4602,197.0,99.0,62,1
0.42200000000000004,1,29.9,62.0,44.0,88.0,24.0,23,0
0.142,3,22.6,62.0,89.937,111.0,19.358,21,0
0.966,4,24.0,60.0,192.0,103.0,33.0,33,0
0.8009999999999999,1,28.7,56.0,152.0,126.0,29.0,21,0
0.17600000000000002,2,34.4,46.0,335.0,127.0,21.0,22,0
0.34600000000000003,5,41.0,80.0,153.825,120.7012,32.0,37,1
0.251,13,34.2,70.0,159.0808,106.0,37.4444,52,0
1.034,5,43.6,76.0,207.0,187.0,27.0,53,1
0.078,0,25.1,52.0,83.1938,102.0,22.4532,21,0
0.166,2,32.7,58.0,52.0,87.0,16.0,25,0
0.34299999999999997,2,26.2,60.0,110.4916,111.0,22.1648,23,0
0.5589999999999999,3,42.7,78.0,71.3066,90.0,33.7558,21,0
0.299,1,18.2,64.0,82.0,97.0,19.0,21,0
0.509,1,37.2,60.0,75.0,87.0,37.0,22,0
0.084,6,23.2,80.0,46.9694,87.0,18.4634,32,0
0.402,3,34.4,80.0,140.4328,132.0,31.4304,44,1
0.64,5,27.471560000000093,82.0,234.5656,136.0,27.9996,69,0
0.126,11,46.2,68.0,150.7012,103.0,40.0,42,0
0.289,1,33.2,64.0,87.0,96.0,27.0,21,0
0.259,0,47.9,76.0,255.0,165.0,43.0,26,0
0.598,4,34.5,88.0,155.0,127.0,11.0,28,0
0.237,4,32.8,62.0,284.0,154.0,31.0,23,0
0.875,2,32.9,68.0,205.0,124.0,28.0,30,1
0.161,4,32.0,64.0,83.928,95.0,24.7692,31,1
0.593,3,32.9,58.0,194.0,174.0,22.0,36,1
0.6990000000000001,2,25.4,58.0,128.0,141.0,34.0,24,0
0.39899999999999997,1,37.4,74.0,204.0,136.0,50.0,24,0
0.268,2,22.6,96.0,166.2378,130.0,15.989,21,0
1.022,10,24.0,98.0,136.5306,115.0,23.5304,34,0
0.9490000000000001,3,31.6,68.0,81.0,100.0,23.0,28,0
0.315,2,34.1,68.0,94.0,112.0,22.0,26,0
0.905,4,34.8,64.0,99.0,109.0,44.0,26,1
0.336,0,21.9,62.0,71.6444,101.0,17.6854,25,0
0.215,2,39.7,76.0,105.0,120.0,37.0,29,0
0.496,1,55.0,30.0,99.0,88.0,42.0,26,1
0.226,4,32.0,62.0,174.443,123.0,24.317,35,1
0.263,0,35.3,60.0,98.8556,93.0,32.6368,25,0
0.23800000000000002,0,35.8,68.0,52.664,86.0,32.0,25,0
0.787,7,38.2,88.0,321.0,168.0,42.0,40,1
0.665,9,32.9,76.0,151.4308,102.0,37.0,46,1
0.198,2,34.7,60.0,120.0,98.0,17.0,22,0
0.335,1,46.1,82.0,180.0,144.0,46.0,46,1
0.7609999999999999,2,24.7,82.0,64.0,142.0,18.0,21,0
2.42,0,59.4,78.0,14.0,180.0,63.0,25,1
0.23,9,24.8,86.0,160.0616,156.0,27.953,53,1
0.252,0,21.0,64.0,76.6998,101.0,17.0,21,0
0.696,7,40.2,84.0,216.0234,133.0,38.1034,37,0
0.742,12,41.8,70.0,271.0,151.0,40.0,38,1
0.337,2,28.0,70.0,360.0,146.0,38.0,29,1
0.37799999999999995,12,35.3,74.0,54.0,88.0,40.0,48,0
0.278,6,35.5,92.0,302.4244,190.0,41.051,66,1
0.34,4,20.8,56.0,49.0,96.0,17.0,26,0
0.254,11,36.6,94.0,146.0,143.0,33.0,51,1
0.24100000000000002,3,34.9,70.0,265.3892,193.0,31.0,25,1
0.2,9,24.2,68.0,94.6488,91.0,22.4314,58,0
1.391,0,30.5,68.0,180.0,128.0,19.0,25,1
1.222,1,39.0,72.0,298.377,163.0,42.645,33,1
0.503,2,38.2,68.0,76.8608,90.0,42.0,27,1
0.235,4,32.5,82.0,235.5966,145.0,18.0,70,1
0.14400000000000002,5,34.6,80.0,165.7062,128.0,32.8688,45,0
0.13699999999999998,12,23.6,80.0,117.2676,106.0,20.1334,44,0
0.68,4,28.5,110.0,199.4104,189.0,31.0,37,0
0.364,0,49.6,76.0,266.1378,162.0,36.0,26,1
0.455,0,37.8,50.0,159.0,179.0,36.0,22,1
0.6609999999999999,8,39.4,74.0,215.0,100.0,40.0,43,1
0.256,1,26.2,74.0,61.0,143.0,22.0,21,0
0.528,12,39.2,82.0,325.0,140.0,43.0,58,1
0.7440000000000001,5,24.9,74.0,136.0348,114.0,24.5356,57,0
0.23800000000000002,3,37.3,78.0,103.623,96.0,39.0,40,0
0.9259999999999999,12,27.6,62.0,258.0,92.0,7.0,44,1
0.537,10,38.0,74.0,281.8398,168.0,39.089,34,1
0.337,7,50.0,88.0,286.3484,152.0,44.0,36,1
0.23199999999999998,8,33.97710000000043,96.0,230.6144,125.0,30.5522,54,1
0.217,1,34.8,80.0,132.0,112.0,45.0,24,0
0.253,0,25.0,68.9122,81.4428,99.0,20.463,22,0
0.529,1,34.6,70.0,96.0,115.0,30.0,32,1
1.001,10,37.6,84.0,237.0,148.0,48.0,51,1
0.61,4,28.0,73.59,65.813,90.0,19.343,31,0
0.721,9,45.4,110.0,240.0,171.0,24.0,54,1
0.17,0,33.2,70.0,223.6864,137.0,38.0,22,0
0.289,1,38.1,66.0,200.0,114.0,36.0,21,0
1.189,9,34.3,86.0,155.0,156.0,28.0,42,1
0.856,8,24.6,80.0,121.3298,107.0,23.0182,34,0
0.527,1,30.0,74.0,60.0,80.0,11.0,22,0
0.134,2,39.4,74.0,440.0,157.0,35.0,30,0
0.282,9,35.4,70.0,402.0,124.0,33.0,34,0
0.191,4,37.6,92.0,138.283,110.0,41.5936,30,0
0.376,4,28.9,72.0,116.8508,115.0,24.253,46,1
0.727,6,36.8,88.0,141.6624,107.0,36.6212,31,0
0.284,2,28.0,84.0,132.4802,129.0,23.2326,27,0
0.605,0,39.4,70.0,148.0,106.0,37.0,22,0
0.24,2,27.5,72.5276,187.4582,146.0,24.2108,28,1
1.114,9,33.3,56.0,182.7906,122.0,35.6008,33,1
0.426,2,29.0,56.0,165.0,106.0,27.0,22,0
0.542,6,35.4,70.0,130.0,134.0,23.0,29,1
0.5870000000000001,8,35.6,82.0,116.89,91.0,38.0314,68,0
0.318,2,32.5,52.0,63.0,108.0,26.0,22,0
0.19,8,38.7,76.0,151.9942,100.0,38.6496,42,0
0.26,1,23.9,60.0,58.0,95.0,18.0,22,0
0.542,2,28.9,70.0,176.865,134.0,23.7252,23,1
0.207,5,29.8,70.0,265.2168,158.0,29.0092,63,0
0.654,5,33.7,48.0,75.0374,78.0,31.2144,25,0
0.10099999999999999,1,34.6,78.0,32.0,87.0,27.0,22,0
0.245,5,26.2,72.0,112.0,121.0,23.0,30,0
0.674,2,38.0,64.0,160.0,93.0,32.0,23,1
0.583,5,31.2,64.0,325.0,189.0,33.0,29,1
0.293,3,29.7,68.0,45.0,74.0,28.0,23,0
0.36200000000000004,4,37.7,88.0,54.0,90.0,47.0,29,0
0.613,1,40.5,48.0,194.0,128.0,45.0,24,1
0.917,1,41.3,66.0,65.0,86.0,52.0,29,0
0.434,0,36.9,88.0,40.0,78.0,29.0,21,0
0.26899999999999996,0,27.8,52.0,36.0,74.0,10.0,22,0
0.578,11,52.3,91.0246,256.3756,135.0,39.5122,40,1
0.547,2,30.1,72.0,76.0,81.0,15.0,25,0
0.48700000000000004,1,23.2,66.0,140.0,97.0,15.0,22,0
1.893,0,42.0,66.0,277.4384,180.0,39.0,25,1
0.687,1,26.7,54.0,268.7382,135.0,25.2948,62,0
0.205,10,31.1,70.0,115.0,125.0,26.0,41,1
0.261,1,33.3,58.0,94.0,118.0,36.0,23,0
0.13699999999999998,8,47.9,78.0,336.101,188.0,37.4868,43,1
0.222,0,43.3,88.0,510.0,181.0,44.0,26,1
0.526,1,24.2,50.0,36.0,101.0,15.0,26,0
0.107,3,26.3,74.0,105.0,116.0,15.0,24,0
0.97,3,33.8,78.0,185.0,173.0,39.0,31,1
0.165,1,26.5,68.0,98.6506,107.0,19.0,24,0
0.6659999999999999,1,23.6,66.0,56.0,100.0,15.0,26,0
0.773,2,28.9,58.7634,77.4068,87.0,23.0,25,0
0.536,4,32.3,80.0,168.9582,125.0,23.425,27,1
0.389,1,32.0,68.0,142.4744,117.342,35.0,22,0
0.17800000000000002,6,29.5,80.0,131.9934,147.0,30.4086,50,1
0.355,7,35.5,84.0,213.5018,184.0,33.0,41,1
0.305,7,29.8200399999992,59.1956,119.6,105.0,26.8902,24,0
0.44299999999999995,4,32.0,80.0,176.0,123.0,15.0,34,0
1.057,1,36.5,88.0,110.0,128.0,39.0,37,1
0.654,1,28.7,46.0,83.0,139.0,19.0,22,0
0.27899999999999997,3,21.8,62.0,74.0,99.0,19.0,26,0
0.258,10,31.2,68.0,145.8814,122.0,27.4344,41,0
0.488,12,30.0,84.0,105.0,100.0,33.0,46,0
0.27,3,32.5,70.0,49.247,78.0,26.501,39,0
0.16399999999999998,7,34.2,95.0,256.1024,179.0,31.0,60,0
0.28,9,31.6,78.0,51.1438,72.0,25.0,38,0
0.955,8,30.5,70.0,130.9356,108.0,24.8852,33,1
0.561,2,26.0,68.0,76.0,94.0,18.0,21,0
0.341,1,32.8,82.0,67.0,164.0,43.0,50,0
0.128,2,25.2,62.0,56.0,108.0,32.0,21,0
0.225,2,34.9,58.0,94.0,105.0,40.0,25,0
0.23800000000000002,6,46.2,80.0,370.0,134.0,37.0,46,1
0.687,1,40.6,82.0,485.0,153.0,42.0,23,0
0.254,7,29.6,74.0,105.04,107.0,27.3314,31,1
0.63,0,44.2,78.333,231.1316,145.0,40.363,31,1
0.371,0,42.1,90.0,393.9012,151.0,46.0,21,1
0.244,4,27.6,74.0,126.094,141.0,24.2184,40,0
0.248,3,31.0,50.0,88.0,78.0,32.0,26,1
0.46,9,25.9,74.0,60.0,134.0,33.0,81,0
0.265,1,32.8,94.0,140.2062,111.0,32.583,45,0
0.18,13,32.8,60.0,55.6222,76.0,34.6944,41,0
1.1909999999999998,8,25.9,74.0,267.6024,197.0,31.019,39,1
0.546,5,36.0,75.0,154.4076,109.0,26.0,60,0
0.307,2,25.0,66.0,105.013,112.0,22.0,24,0
0.512,10,27.6,78.0,136.4886,122.0,31.0,45,0
0.149,1,19.5,74.0,46.0,100.0,12.0,28,0
0.7170000000000001,2,29.8,60.0,106.0,122.0,18.0,22,0
0.499,5,34.0,54.0,83.0,99.0,28.0,30,0
0.833,1,25.2,56.0,135.0,109.0,21.0,23,0
0.257,2,20.1,62.0,15.0,68.0,13.0,23,0
0.29600000000000004,7,26.5,60.0,112.094,106.0,24.0,29,1
0.727,6,39.0,68.0,229.743,130.2496,41.0,41,1
0.263,9,29.0,80.0,121.833,119.0,35.0,29,1
0.151,5,37.7,104.0,303.6834,162.0,39.363,52,1
0.9329999999999999,0,36.3,65.3568,184.88,138.0,34.6462,25,1
0.93,2,39.6,65.0,77.4664,85.0,39.3688,27,0
0.245,10,27.0,68.0,159.8514,133.0,28.5572,36,0
0.19399999999999998,0,45.3,76.0,52.926,67.0,39.4908,46,0
0.239,8,43.3,100.0,150.9838,105.0,36.0,45,1
0.41200000000000003,1,38.6,72.0,18.0,99.0,30.0,21,0
0.745,7,35.9,68.0,233.9394,194.0,28.0,41,1
0.748,2,26.1,54.0,88.0,95.0,14.0,22,0
0.374,9,33.1,70.0,94.0,123.0,44.0,40,0
0.237,0,24.6,65.0,88.5384,101.0,28.0,22,0
0.904,4,44.5,70.0,142.5202,118.0,36.6472,26,0
0.325,1,49.7,90.0,220.0,122.0,51.0,31,1
0.332,2,24.2,56.0,45.0,56.0,28.0,22,0
0.32299999999999995,3,28.4,78.0,79.0,130.0,23.0,34,1
0.687,8,28.7,76.0,600.0,124.0,24.0,52,1
0.134,10,35.3,76.8382,124.5682,115.0,38.5928,29,0
0.8740000000000001,0,31.0,80.0,128.8674,113.0,16.0,21,0
0.7040000000000001,3,39.3,88.0,235.0,126.0,41.0,27,0
0.855,0,32.5,88.0,139.7182,109.0,30.0,38,1
0.258,3,35.7,84.0,474.0,173.0,33.0,22,1
0.263,10,33.3,82.0,50.6394,75.0,34.7748,38,0
0.27,8,32.9,72.0,159.5254,133.0,34.8214,39,1
0.16699999999999998,10,25.9,62.0,84.152,92.0,23.149,31,0
0.457,8,38.3,74.0,84.2706,84.0,31.0,39,0
0.16399999999999998,9,30.9,78.0,100.0,154.0,30.0,45,0
0.19,11,39.0,106.0,265.8058,127.0,38.3998,51,0
0.35600000000000004,6,28.7,50.0,64.0,93.0,30.0,23,0
0.5429999999999999,1,33.6,64.0,136.4336,113.0,35.0,21,1
0.221,1,24.3,70.0,110.0,125.0,24.0,25,0
0.267,3,37.2,72.0,52.823,84.0,32.0,28,0
0.9620000000000001,1,33.3,50.0,167.0,125.0,40.0,28,1
1.2819999999999998,9,28.2,82.0,138.8048,112.0,24.0,50,1
0.37799999999999995,5,35.6,76.0,132.8066,97.0,27.0,52,1
0.299,0,25.2,82.0,84.0,98.0,15.0,22,0
0.305,5,39.2,108.0,157.6024,103.0,37.0,65,0
0.257,7,39.4,76.0,271.7428,147.0,39.3374,43,1
0.299,3,30.9,68.0,130.0,191.0,15.0,34,0
0.262,0,22.5,96.0,150.252,125.0,15.4224,21,0
0.32299999999999995,1,20.4,48.0,76.0,71.0,18.0,22,0
0.203,0,34.3,66.0,165.0,121.0,30.0,33,1
0.534,0,34.6,60.0,167.0,138.0,35.0,21,1
0.501,6,29.8,70.1464,76.2324,91.0,26.2748,31,0
0.32799999999999996,6,30.9,70.0,206.5648,195.0,30.7126,31,1
0.17800000000000002,13,36.6,72.0,146.4924,106.0,54.0,45,0
0.261,7,46.7,78.0,48.0,81.0,40.0,42,0
0.23399999999999999,1,32.8,102.0,140.0,133.0,28.0,45,1
0.08900000000000001,0,45.2,80.0,53.0,117.0,31.0,24,0
0.451,7,39.8,90.0,356.3208,196.0,44.154,41,1
0.40700000000000003,5,23.9,72.0,108.9142,111.0,28.0,27,0
0.743,0,31.6,88.0,158.48,131.0,27.0714,32,1
0.447,1,23.4,74.0,144.0,167.0,17.0,33,1
1.699,2,28.5,52.0,115.0,82.0,22.0,25,0
0.121,6,33.8,76.0,261.0242,125.0,33.9616,54,1
1.251,1,33.3,56.0,56.0,77.0,30.0,24,0
0.551,3,30.4,74.0,85.0,89.0,16.0,38,0
0.5429999999999999,8,34.0,62.0,495.0,155.0,26.0,46,1
0.997,5,33.6,74.0,67.0,96.0,18.0,43,0
0.47100000000000003,1,36.9,64.0,115.0,84.0,23.0,28,0
0.158,2,30.5,70.0,543.0,197.0,45.0,53,1
0.491,1,19.4,80.0,82.0,103.0,11.0,22,0
0.157,6,28.7,96.0,117.9312,117.0,31.4282,30,0
1.3940000000000001,1,42.9,76.0,373.3688,199.0,43.0,22,1
0.23600000000000002,4,39.4,78.0,137.9544,112.0,40.0,38,0
0.439,7,38.5,68.0,125.0,129.0,49.0,43,1
0.364,5,30.2,68.0,71.0,86.0,28.0,24,0
0.368,6,27.6,72.0,191.3512,124.0,28.4522,29,1
0.326,10,25.5,68.0,132.0,161.0,23.0,47,1
0.66,5,32.3,74.0,135.6322,116.0,29.0,35,1
0.39299999999999996,0,32.4,78.0,192.4372,132.0,27.9784,21,0
0.151,3,31.6,58.0,211.974,125.0,22.7766,24,0
0.22899999999999998,2,29.0,74.0,53.0,88.0,19.0,22,0
0.257,13,42.3,114.0,288.31,158.0,34.791,44,1
0.305,3,33.2,80.0,130.0,124.0,33.0,26,0
0.586,2,28.0,70.0,55.0598,71.0,27.0,22,0
0.249,2,24.4,80.0,55.0,90.0,14.0,24,0
0.302,4,32.9,68.0426,216.8228,132.0,31.8046,23,1
0.735,0,21.7,60.0,87.631,57.0,17.397,67,0
0.209,7,25.2,71.7524,114.4192,119.0,27.8418,37,0
0.591,2,33.2,74.0,205.0,129.0,26.0,25,0
0.34299999999999997,5,31.2,76.0,135.2722,115.0,27.7652,44,1
0.532,0,28.7,60.0,92.0,93.0,25.0,22,0
0.40700000000000003,1,23.1,38.0,120.0,109.0,18.0,26,0
0.767,7,29.3,78.0,71.0,83.0,26.0,36,0
0.493,0,30.8,66.0,188.0,117.0,31.0,22,0
0.243,3,34.4,82.0,50.0654,61.0,28.0,46,0
0.693,2,42.9,80.0,157.698,118.0,34.5852,21,1
0.252,4,31.2,84.0,137.72,137.0,22.8184,30,0
0.20600000000000002,0,24.7,68.0,157.1166,125.0,24.3972,21,0
1.0759999999999998,1,42.4,84.0,310.0,143.0,23.0,22,0
0.741,0,27.9,84.0,136.6276,105.0,25.0406,62,1
0.485,8,36.8,72.0,138.3074,95.0,28.7722,57,0
0.375,0,42.8,85.0,225.3808,147.0,54.0,24,0
0.12300000000000001,1,25.6,72.0,168.0,157.0,21.0,24,0
0.314,3,23.1,64.0,256.4794,130.0,16.8954,22,0
0.14300000000000002,1,30.1,86.0,102.9324,111.0,19.0,23,0
0.292,5,26.0,68.0,106.2186,110.0,24.2894,30,0
0.337,5,34.1,92.0,147.4728,117.0,31.7854,38,0
0.569,13,39.9,83.8766,211.426,129.0,30.0,44,1
0.444,1,32.0,66.0,196.0,100.0,29.0,42,0
0.38,9,31.2,52.0,140.226,106.0,26.3924,42,0
0.231,0,27.3,84.0,198.2088,137.0,27.0,59,0
0.5870000000000001,5,25.8,72.0,175.0,166.0,19.0,51,1
0.583,13,43.4,90.0,212.921,126.0,35.6462,42,1
0.8029999999999999,4,32.9,78.0,196.4164,158.0,34.5018,31,1
0.249,6,24.3,66.0,92.9176,103.0,23.6112,29,0
0.759,0,53.2,76.0,100.0,162.0,56.0,25,1
0.126,4,28.9,64.0,109.287,114.0,22.558,24,0
0.627,6,33.6,72.0,194.7388,148.0,35.0,50,1
0.382,6,31.2,78.0,63.7866,85.0,27.0142,42,0
0.41700000000000004,1,22.5,56.0,86.6836,93.0,11.0,22,0
0.415,1,35.5,60.0,178.0,108.0,46.0,24,0
0.136,8,24.4,55.0,53.514,85.0,20.0,42,0
0.446,4,33.1,70.0,88.0,91.0,32.0,22,0
0.342,5,24.4,66.0,23.0,88.0,21.0,30,0
0.187,3,23.5,61.2284,96.3472,116.0,18.1406,23,0
0.155,2,21.8,58.0,90.0,101.0,35.0,22,0
0.26899999999999996,5,34.1,74.0,77.0,123.0,40.0,28,0
0.452,3,42.9,70.0,135.0,120.0,30.0,30,0
0.545,0,35.8,64.0,66.0,84.0,22.0,21,0
0.479,4,43.6,72.0,285.2508,171.0,34.356,26,1
0.284,0,40.6,94.0,145.0,135.0,46.0,26,0
1.136,10,45.6,86.0,155.7078,101.0,37.0,38,1
0.22699999999999998,5,48.8,108.0,290.0118,137.0,39.508,37,1
0.401,1,37.6,68.0,77.0,87.0,34.0,24,0
0.8809999999999999,2,25.3,62.0,278.0,108.0,10.0,22,0
1.101,2,40.0,64.0,229.3674,128.0,42.0,24,0
0.507,1,45.3,88.0,170.0,119.0,41.0,26,0
0.431,0,42.6,65.0,130.0,140.0,26.0,24,1
0.292,3,30.9,54.0,158.0,106.0,21.0,24,0
2.137,3,38.4,82.0,465.0,173.0,48.0,25,1
0.261,5,37.8,66.0,137.838,112.0,37.326,41,1
0.344,7,39.1,66.0,122.2704,103.0,32.0,31,1
0.314,0,36.5,90.0,90.0,180.0,26.0,35,1
1.6,2,27.7,58.0,275.0,127.0,24.0,25,0
0.731,13,26.8,90.0,29.0,152.0,33.0,43,1
1.095,1,27.2,68.0,98.546,97.0,21.0,22,0
0.085,2,27.3,70.0,50.3128,90.0,17.0,22,0
0.9440000000000001,3,24.7,56.0,115.0,96.0,34.0,39,0
0.147,1,18.2,70.0,82.1816,97.0,15.0,21,0
1.1740000000000002,13,40.6,88.0,140.0,153.0,37.0,39,0
0.154,3,25.6,54.0,86.0,99.0,19.0,24,0
0.408,3,36.4,70.0,200.0,187.0,22.0,36,1
0.439,5,29.6,78.0,22.0,126.0,27.0,40,0
0.452,0,21.8,56.0,105.0,124.0,13.0,21,0
0.565,6,27.6,78.0,147.2174,125.0,31.0,49,1
0.631,6,33.6,68.0,168.0,165.0,26.0,49,0
0.159,4,39.5,90.0,56.0,84.0,23.0,25,0
0.757,0,36.6,62.0,74.0,107.0,30.0,25,1
0.8390000000000001,6,29.3,74.0,193.0,154.0,32.0,39,0
0.7340000000000001,9,32.7,94.0,133.4206,140.0,32.5604,45,1
0.45399999999999996,0,27.8,64.0,116.0,104.0,23.0,23,0
0.142,1,34.2,70.0,135.0,106.0,28.0,22,0
0.787,0,27.3,68.0,98.331,108.0,20.0,32,0
0.205,1,22.3,54.0,50.0,119.0,13.0,24,0
0.5820000000000001,0,18.4,76.0,69.5912,104.0,13.5596,27,0
0.968,2,30.4,50.0,76.0,84.0,23.0,21,0
0.391,7,32.6,78.0,54.9534,62.0,27.727,41,0
0.515,0,27.4,86.0,120.0,126.0,27.0,21,0
0.629,2,36.8,65.0,66.0,83.0,28.0,24,0
0.8320000000000001,2,19.6,74.9224,120.6196,119.0,14.6472,72,0
0.28600000000000003,5,35.0,84.0,88.0,136.0,41.0,35,1
0.342,0,21.1,61.1196,36.6842,73.0,16.5286,25,0
0.24600000000000002,2,38.4,86.0,160.0,112.0,42.0,28,0
0.345,3,30.5,74.0,193.63,182.0,22.1146,29,1
0.5820000000000001,6,19.6,90.0,326.0,129.0,7.0,60,0
0.38799999999999996,8,35.4,84.0,133.1162,99.0,30.5116,50,0
0.26,9,34.2,82.0,175.0,112.0,32.0,36,1
0.205,0,42.4,78.7276,281.5086,141.0,38.8792,29,1
0.597,0,30.8,70.0,50.0,100.0,26.0,21,0
0.183,8,30.0,75.4652,124.723,120.0,29.698,38,1
0.21,7,29.9,90.0,117.147,136.0,32.1012,50,0
0.6,0,36.8,64.0,100.0,97.0,36.0,25,0
0.84,8,23.6,72.0,136.6128,112.0,19.2952,58,0
0.528,1,34.4,72.0,176.0,112.0,30.0,25,0
0.212,4,28.4,77.4678,166.9466,183.0,21.6422,36,1
0.295,3,31.2,64.0,387.0,158.0,13.0,24,0
0.6,8,32.0,72.0,72.9088,65.0,23.0,42,0
0.527,4,27.5,60.0,231.0,129.0,12.0,31,0
1.072,0,34.6,60.0,478.0,177.0,29.0,21,1
0.586,7,35.9,84.0,192.0,181.0,21.0,51,1
0.6920000000000001,7,35.2,78.0,126.0,150.0,29.0,54,1
0.19699999999999998,0,29.6,90.0,116.1878,105.0,25.3564,46,0
1.162,1,38.9,80.0,200.0,120.0,48.0,41,0
0.652,9,34.2,70.0,175.8348,130.0,30.1144,45,1
0.163,7,25.1,70.0,145.0,195.0,33.0,55,1
0.619,5,38.7,84.0,545.0,155.0,44.0,34,0
0.655,1,25.9,50.0,375.0,193.0,16.0,24,0
0.161,7,25.5,70.0,215.0,124.0,33.0,37,0
1.4609999999999999,6,40.8,94.0,269.5416,183.0,37.7028,45,0
1.224,5,29.0,74.0,72.8262,85.0,22.0,32,1
0.153,15,37.1,70.0,110.0,136.0,32.0,43,1
0.11800000000000001,4,28.4,76.0,100.0,110.0,20.0,27,0
0.29,2,27.7,60.0,40.7708,81.0,22.0,25,0
0.304,7,37.6,86.0,209.3324,125.0,40.9652,51,0
0.203,5,29.0,74.0,81.3776,99.0,27.0,32,0
0.9470000000000001,1,25.4,60.0,182.0,109.0,8.0,21,0
0.41100000000000003,5,28.6,64.0,140.0,139.0,35.0,26,0
0.284,4,35.4,60.0,96.3892,95.0,32.0,28,0
0.361,4,29.7,70.0,168.0,173.0,14.0,33,1
0.51,0,33.6,64.0,64.0,104.0,37.0,22,1
0.14800000000000002,9,32.8,78.0,179.9654,164.0,34.7368,45,1
0.096,9,32.8,80.0,50.3938,57.0,37.0,41,0
0.218,5,33.7,78.0,250.9898,147.0,41.3218,65,0
0.19,5,45.0,78.0,287.4936,143.0,37.0524,47,0
0.366,0,44.6,64.0,105.0,95.0,39.0,22,0
0.88,3,57.3,100.0,240.0,123.0,35.0,22,0
0.389,1,23.7,64.0,415.0,131.0,14.0,21,0
0.956,5,39.1,82.0,230.4548,130.0,40.6516,37,1
0.45299999999999996,2,36.6,60.0,160.0,99.0,17.0,21,0
0.17300000000000001,0,41.5,64.0,142.0,105.0,41.0,22,0
0.821,1,30.8,72.0,82.0,107.0,30.0,24,0
0.23,4,33.2,64.0,120.0,117.0,27.0,24,0
0.245,6,33.7,60.0,128.2842,115.0,39.0,40,1
1.0959999999999999,1,46.3,74.0,57.0,81.0,41.0,32,0
0.557,3,30.1,56.0,125.3638,111.0,39.0,30,0
0.28600000000000003,5,39.5,82.0,140.4244,106.0,30.0,38,0
0.285,0,30.5,74.0,63.0,120.0,18.0,26,0
0.245,13,22.2,82.0,110.0,145.0,19.0,57,0
0.871,7,40.9,76.0,91.0,97.0,32.0,32,1
0.27699999999999997,4,23.8,72.0,223.8734,134.0,18.2716,60,1
0.244,12,37.4,85.0,194.0748,140.0,33.0,41,0
0.209,5,52.9,98.0,148.571,115.0,41.013,28,1
0.24,2,38.7,52.0,540.0,155.0,27.0,25,1
1.2919999999999998,3,34.2,82.0,70.0,80.0,31.0,27,1
